{"cameraMode":{"drawMode":0,"name":"Shaded","section":"Shading Mode"},"sceneLighting":false,"audioPlay":false,"sceneViewState":{"m_AlwaysRefresh":false,"showFog":true,"showSkybox":false,"showFlares":true,"showImageEffects":true,"showParticleSystems":true,"showVisualEffectGraphs":true,"m_FxEnabled":true},"in2DMode":false,"pivot":{"x":1.503000020980835,"y":0.5149999856948853,"z":-1.9140000343322755},"rotation":{"x":-0.2052379548549652,"y":-0.19293157756328584,"z":0.04129669442772865,"w":-0.9586264491081238},"size":0.000017344029402011074,"orthographic":false}